{".kernel.kernels[0].base_kernel.variance": 1.7275884267362172, ".kernel.kernels[0].base_kernel.lengthscales": 0.2385774778797368, ".kernel.kernels[0].period": 1.1999746207671265, ".kernel.kernels[1].variance": 0.7117576268869051, ".likelihood.variance": 1.653933720488759, ".inducing_variable.Z": [[-0.02223446517082166], [0.21533151017376542], [0.3010302934083883], [0.30303661492471906], [0.5058633140436002], [0.6579329880915098], [0.8744375601166937], [1.0775419389583423], [1.3034584999081191], [1.3352956417087858], [1.617753202012066], [1.8341342974484818], [1.8511701388065058], [1.9977252006853377], [2.185601766481971]], ".q_mu": [[-1.6793009345488612], [2.432574281301716], [-1.6110086959661998], [-1.652295358047476], [1.0927817751930728], [1.3624628051724488], [-0.9526403420008563], [2.4029945560336876], [0.8079878808097064], [2.0600426290790623], [-1.5203438750479894], [1.6861709313720161], [1.4617464924007972], [-1.748452666355554], [1.9197342199227572]], ".q_sqrt": [[[0.12510326520047205, 0.0, 0.0, 0.0, 0.0, 0.0, 0.0, 0.0, 0.0, 0.0, 0.0, 0.0, 0.0, 0.0, 0.0], [-0.03232141007440676, 0.03913959888688028, 0.0, 0.0, 0.0, 0.0, 0.0, 0.0, 0.0, 0.0, 0.0, 0.0, 0.0, 0.0, 0.0], [-0.03314008651217272, -0.031292864493020114, 0.04696867740246082, 0.0, 0.0, 0.0, 0.0, 0.0, 0.0, 0.0, 0.0, 0.0, 0.0, 0.0, 0.0], [-0.023658939281021585, -0.018982857649442127, 0.010028651509777924, 0.08092001024005448, 0.0, 0.0, 0.0, 0.0, 0.0, 0.0, 0.0, 0.0, 0.0, 0.0, 0.0], [-0.022632138314624902, 0.0032946202533690877, -0.01445479573382797, -0.027912975894337652, 0.041701673374824826, 0.0, 0.0, 0.0, 0.0, 0.0, 0.0, 0.0, 0.0, 0.0, 0.0], [-0.019482578415373396, -0.004894273027742155, -0.0034887601506980036, -0.0011090066607633425, -0.028190477156127117, 0.04283631549501591, 0.0, 0.0, 0.0, 0.0, 0.0, 0.0, 0.0, 0.0, 0.0], [-0.025418742988345292, -0.0028669560743239497, -0.0046738986430924535, -0.004988405285657543, -0.003428204026341347, -0.008257898922220164, 0.0630388261187239, 0.0, 0.0, 0.0, 0.0, 0.0, 0.0, 0.0, 0.0], [-0.09743397570157615, -0.0031481904673488336, -0.00041006107799108427, 0.000853286736244177, -0.0006386804864170857, -0.0012939337231623025, -0.00854831924922021, 0.07698035662682101, 0.0, 0.0, 0.0, 0.0, 0.0, 0.0, 0.0], [-0.1584417025292336, -0.04519790874580015, 0.015406650314514745, -0.03987110237546313, 0.0035307269269931195, -0.00013935788008107667, -0.001379898842081495, 0.021966290917235128, 0.06545554299782758, 0.0, 0.0, 0.0, 0.0, 0.0, 0.0], [0.043640431183911664, -0.05733462810379388, 0.029430756197735365, -0.029769187240941485, 0.008344601259220805, 0.005635080509198611, -0.004985515375900191, -0.01490205000813413, 0.061442073211119316, 0.15570807732855846, 0.0, 0.0, 0.0, 0.0, 0.0], [0.018330224342004223, 0.006168997801565569, -0.05800722897466798, -0.09813896747382099, -0.039566877358028066, 0.02916703229287307, 0.0004505690256508202, -0.00296822194244948, 0.033830381324271575, 0.04619542981722667, 0.10581911270255484, 0.0, 0.0, 0.0, 0.0], [0.010442792757290618, 0.0018839468571847946, -0.01701309046513958, -0.01887514800042263, -0.04868861837533239, 0.02133177098114302, 0.011112085153409312, -0.003359528803618173, 0.0060865461011219675, 0.011048073199905119, 0.03571149398506554, 0.0951094835227489, 0.0, 0.0, 0.0], [-0.01311101744017605, -0.0029435046348211063, -0.002369843156520257, -0.0023745884906833945, -0.02424864822735288, 0.05108478287009643, 0.007392555232414503, -0.0009338560644089193, -0.0008764179623796945, 0.0018141958163054904, 5.1740039383494366e-05, 0.019393554299013488, 0.08229706172937856, 0.0, 0.0], [-0.022321878020297246, -0.004087033515681727, -0.0026612144968065497, -0.0014509465260013953, -0.03214845555956101, 0.012239730378573652, -0.06647893703034283, 0.00676643638615458, -0.002257561029456901, 0.004382671950738049, 0.011225689573483098, 0.10870896446089053, 0.07313242865990643, 0.11738225064978534, 0.0], [0.0874291609641448, -0.0031003013708358973, 0.0010591473881142405, -0.0019201628370195776, -0.009896710068810247, -0.0007156125427544693, -0.10594402766934463, -0.08267444810644707, -0.004867139284054752, 0.035580417027023824, 0.007335465139871588, 0.04951623032510732, 0.02643668465081374, 0.05688358284051137, 0.11430635152681816]]]}